participantID,preID,taqstatus
bro_001,pre_bro071,A2/A2
bro_002,pre_bro022,A1/A1
bro_003,pre_bro028,A1/A2
bro_004,pre_bro038,A1/A2
bro_005,pre_bro002,A2/A2
bro_006,pre_bro021,A1/A2
bro_007,pre_bro025,A2/A2
bro_008,pre_bro009,A2/A2
bro_009,pre_bro004,A1/A2
bro_010,pre_bro089,A2/A2
bro_011,pre_bro066,A1/A2
bro_012,pre_bro091,A1/A2
bro_013,pre_bro101,A2/A2
bro_014,pre_bro063,A1/A2
bro_015,pre_bro111,A1/A2
bro_016,pre_bro121,A1/A2
bro_017,pre_bro120,A2/A2
bro_018,pre_bro156,A2/A2
bro_019,pre_bro136,A2/A2
bro_020,pre_bro303,A2/A2
bro_021,pre_bro154,A1/A2
bro_022,pre_bro333,A1/A2
bro_023,pre_bro266,A2/A2
bro_024,pre_bro343,A2/A2
bro_025,pre_bro350,A2/A2
bro_026,pre_bro352,A1/A2
bro_027,pre_bro402,A1/A2
bro_028,pre_bro383,A2/A2
bro_029,pre_bro409,A1/A2
bro_030,pre_bro459,A1/A2
bro_031,pre_bro470,A2/A2
bro_032,pre_bro477,A2/A2
bro_033,pre_bro489,A1/A2
bro_034,pre_bro486,A1/A2
bro_035,pre_bro529,A2/A2
bro_036,pre_bro527,A2/A2
bro_037,pre_bro500,A2/A2
bro_038,pre_bro496,A1/A2
bro_039,pre_bro511,A2/A2
bro_040,pre_bro542,A2/A2
bro_041,pre_bro548,A1/A2
bro_042,pre_bro549,A2/A2
bro_043,pre_bro_556,A1/A2
bro_044,pre_bro_574,A1/A2
bro_045,pre_bro_570,A1/A2
bro_046,pre_bro_580,A1/A2
bro_047,pre_bro_610,A1/A2
bro_048,pre_bro_633,A1/A1
bro_049,pre_bro_639,A1/A2
bro_050,pre_bro_620,A1/A2
bro_051,pre_bro_645,A2/A2
bro_052,pre_bro_650,A2/A2
bro_053,pre_bro_672,A1/A2
bro_054,pre_bro_710,A2/A2
bro_055,pre_bro_732,A2/A2